{"description":"Should Open Pinkerton site and Login|Login","passed":true,"pending":false,"os":"windows","sessionId":"3de613d6b5ac3a3c5734a68eb5977d92","instanceId":1004,"browser":{"name":"chrome","version":"90.0.4430.93"},"message":"Passed","browserLogs":[{"level":"SEVERE","message":"https://login.microsoftonline.com/favicon.ico - Failed to load resource: the server responded with a status of 404 (Not Found)","timestamp":1619767262410,"type":""},{"level":"SEVERE","message":"https://autologon.microsoftazuread-sso.com/pinkerton.com/winauth/ssoprobe?client-request-id=c1d9eded-291d-432b-afb4-c89dea12a295&_=1619767263907 - Failed to load resource: the server responded with a status of 401 (Unauthorized)","timestamp":1619767264270,"type":""}],"timestamp":1619767255401,"duration":34212}
