{"description":"Should create a New Supplier|BV - Create New Supplier","passed":false,"pending":false,"os":"windows","sessionId":"3de613d6b5ac3a3c5734a68eb5977d92","instanceId":1004,"browser":{"name":"chrome","version":"90.0.4430.93"},"message":["Failed: element click intercepted: Element <button _ngcontent-rrh-c156=\"\" type=\"button\" class=\"pinkerton-btn pinkerton-btn-primary float-md-right mr-0 ng-star-inserted\">...</button> is not clickable at point (1483, 566). Other element would receive the click: <div class=\"ng-tns-c46-13 ui-dialog-mask ui-widget-overlay ui-dialog-visible ui-dialog-mask-scrollblocker ng-star-inserted\" style=\"z-index: 1003;\">...</div>\n  (Session info: chrome=90.0.4430.93)\nBuild info: version: '3.141.59', revision: 'e82be7d358', time: '2018-11-14T08:25:53'\nSystem info: host: 'KARUNAKARAN', ip: '192.168.0.105', os.name: 'Windows 10', os.arch: 'amd64', os.version: '10.0', java.version: '1.8.0_241'\nDriver info: driver.version: unknown"],"trace":["WebDriverError: element click intercepted: Element <button _ngcontent-rrh-c156=\"\" type=\"button\" class=\"pinkerton-btn pinkerton-btn-primary float-md-right mr-0 ng-star-inserted\">...</button> is not clickable at point (1483, 566). Other element would receive the click: <div class=\"ng-tns-c46-13 ui-dialog-mask ui-widget-overlay ui-dialog-visible ui-dialog-mask-scrollblocker ng-star-inserted\" style=\"z-index: 1003;\">...</div>\n  (Session info: chrome=90.0.4430.93)\nBuild info: version: '3.141.59', revision: 'e82be7d358', time: '2018-11-14T08:25:53'\nSystem info: host: 'KARUNAKARAN', ip: '192.168.0.105', os.name: 'Windows 10', os.arch: 'amd64', os.version: '10.0', java.version: '1.8.0_241'\nDriver info: driver.version: unknown\n    at Object.checkLegacyResponse (C:\\Users\\Karunakaran\\Desktop\\Pinkerton\\Pinkerton\\node_modules\\selenium-webdriver\\lib\\error.js:546:15)\n    at parseHttpResponse (C:\\Users\\Karunakaran\\Desktop\\Pinkerton\\Pinkerton\\node_modules\\selenium-webdriver\\lib\\http.js:509:13)\n    at C:\\Users\\Karunakaran\\Desktop\\Pinkerton\\Pinkerton\\node_modules\\selenium-webdriver\\lib\\http.js:441:30\n    at runMicrotasks (<anonymous>)\n    at processTicksAndRejections (internal/process/task_queues.js:93:5)\nFrom: Task: WebElement.click()\n    at thenableWebDriverProxy.schedule (C:\\Users\\Karunakaran\\Desktop\\Pinkerton\\Pinkerton\\node_modules\\selenium-webdriver\\lib\\webdriver.js:807:17)\n    at WebElement.schedule_ (C:\\Users\\Karunakaran\\Desktop\\Pinkerton\\Pinkerton\\node_modules\\selenium-webdriver\\lib\\webdriver.js:2010:25)\n    at WebElement.click (C:\\Users\\Karunakaran\\Desktop\\Pinkerton\\Pinkerton\\node_modules\\selenium-webdriver\\lib\\webdriver.js:2092:17)\n    at actionFn (C:\\Users\\Karunakaran\\Desktop\\Pinkerton\\Pinkerton\\node_modules\\protractor\\built\\element.js:89:44)\n    at Array.map (<anonymous>)\n    at C:\\Users\\Karunakaran\\Desktop\\Pinkerton\\Pinkerton\\node_modules\\protractor\\built\\element.js:461:65\n    at ManagedPromise.invokeCallback_ (C:\\Users\\Karunakaran\\Desktop\\Pinkerton\\Pinkerton\\node_modules\\selenium-webdriver\\lib\\promise.js:1376:14)\n    at TaskQueue.execute_ (C:\\Users\\Karunakaran\\Desktop\\Pinkerton\\Pinkerton\\node_modules\\selenium-webdriver\\lib\\promise.js:3084:14)\n    at TaskQueue.executeNext_ (C:\\Users\\Karunakaran\\Desktop\\Pinkerton\\Pinkerton\\node_modules\\selenium-webdriver\\lib\\promise.js:3067:27)\n    at C:\\Users\\Karunakaran\\Desktop\\Pinkerton\\Pinkerton\\node_modules\\selenium-webdriver\\lib\\promise.js:2927:27Error\n    at ElementArrayFinder.applyAction_ (C:\\Users\\Karunakaran\\Desktop\\Pinkerton\\Pinkerton\\node_modules\\protractor\\built\\element.js:459:27)\n    at ElementArrayFinder.<computed> [as click] (C:\\Users\\Karunakaran\\Desktop\\Pinkerton\\Pinkerton\\node_modules\\protractor\\built\\element.js:91:29)\n    at ElementFinder.<computed> [as click] (C:\\Users\\Karunakaran\\Desktop\\Pinkerton\\Pinkerton\\node_modules\\protractor\\built\\element.js:831:22)\n    at SuppliersPage.BasePage.clickElement (C:\\Users\\Karunakaran\\Desktop\\Pinkerton\\Pinkerton\\PageObjects\\BasePage.ts:61:14)\n    at SuppliersPage.fillSupplierDetailsTab (C:\\Users\\Karunakaran\\Desktop\\Pinkerton\\Pinkerton\\PageObjects\\BV-PageObjects\\SuppliersPage.ts:103:14)\n    at UserContext.<anonymous> (C:\\Users\\Karunakaran\\Desktop\\Pinkerton\\Pinkerton\\TestCases\\BV-TestCases\\TC_CreateNewSupplier.ts:17:27)\n    at C:\\Users\\Karunakaran\\Desktop\\Pinkerton\\Pinkerton\\node_modules\\jasminewd2\\index.js:112:25\n    at new ManagedPromise (C:\\Users\\Karunakaran\\Desktop\\Pinkerton\\Pinkerton\\node_modules\\selenium-webdriver\\lib\\promise.js:1077:7)\n    at ControlFlow.promise (C:\\Users\\Karunakaran\\Desktop\\Pinkerton\\Pinkerton\\node_modules\\selenium-webdriver\\lib\\promise.js:2505:12)\n    at schedulerExecute (C:\\Users\\Karunakaran\\Desktop\\Pinkerton\\Pinkerton\\node_modules\\jasminewd2\\index.js:95:18)\nFrom: Task: Run it(\"Should create a New Supplier\") in control flow\n    at UserContext.<anonymous> (C:\\Users\\Karunakaran\\Desktop\\Pinkerton\\Pinkerton\\node_modules\\jasminewd2\\index.js:94:19)\n    at attempt (C:\\Users\\Karunakaran\\Desktop\\Pinkerton\\Pinkerton\\node_modules\\protractor\\node_modules\\jasmine-core\\lib\\jasmine-core\\jasmine.js:4297:26)\n    at QueueRunner.run (C:\\Users\\Karunakaran\\Desktop\\Pinkerton\\Pinkerton\\node_modules\\protractor\\node_modules\\jasmine-core\\lib\\jasmine-core\\jasmine.js:4217:20)\n    at runNext (C:\\Users\\Karunakaran\\Desktop\\Pinkerton\\Pinkerton\\node_modules\\protractor\\node_modules\\jasmine-core\\lib\\jasmine-core\\jasmine.js:4257:20)\n    at C:\\Users\\Karunakaran\\Desktop\\Pinkerton\\Pinkerton\\node_modules\\protractor\\node_modules\\jasmine-core\\lib\\jasmine-core\\jasmine.js:4264:13\n    at C:\\Users\\Karunakaran\\Desktop\\Pinkerton\\Pinkerton\\node_modules\\protractor\\node_modules\\jasmine-core\\lib\\jasmine-core\\jasmine.js:4172:9\n    at C:\\Users\\Karunakaran\\Desktop\\Pinkerton\\Pinkerton\\node_modules\\jasminewd2\\index.js:64:48\n    at ControlFlow.emit (C:\\Users\\Karunakaran\\Desktop\\Pinkerton\\Pinkerton\\node_modules\\selenium-webdriver\\lib\\events.js:62:21)\n    at ControlFlow.shutdown_ (C:\\Users\\Karunakaran\\Desktop\\Pinkerton\\Pinkerton\\node_modules\\selenium-webdriver\\lib\\promise.js:2674:10)\n    at C:\\Users\\Karunakaran\\Desktop\\Pinkerton\\Pinkerton\\node_modules\\selenium-webdriver\\lib\\promise.js:2599:53\nFrom asynchronous test: \nError\n    at C:\\Users\\Karunakaran\\Desktop\\Pinkerton\\Pinkerton\\TestCases\\BV-TestCases\\TC_CreateNewSupplier.ts:15:9\n    at C:\\Users\\Karunakaran\\Desktop\\Pinkerton\\Pinkerton\\node_modules\\jasmine-data-provider\\src\\index.js:25:22\n    at Array.forEach (<anonymous>)\n    at C:\\Users\\Karunakaran\\Desktop\\Pinkerton\\Pinkerton\\node_modules\\jasmine-data-provider\\src\\index.js:20:20\n    at Suite.<anonymous> (C:\\Users\\Karunakaran\\Desktop\\Pinkerton\\Pinkerton\\TestCases\\BV-TestCases\\TC_CreateNewSupplier.ts:14:5)\n    at addSpecsToSuite (C:\\Users\\Karunakaran\\Desktop\\Pinkerton\\Pinkerton\\node_modules\\protractor\\node_modules\\jasmine-core\\lib\\jasmine-core\\jasmine.js:1107:25)\n    at Env.describe (C:\\Users\\Karunakaran\\Desktop\\Pinkerton\\Pinkerton\\node_modules\\protractor\\node_modules\\jasmine-core\\lib\\jasmine-core\\jasmine.js:1074:7)\n    at describe (C:\\Users\\Karunakaran\\Desktop\\Pinkerton\\Pinkerton\\node_modules\\protractor\\node_modules\\jasmine-core\\lib\\jasmine-core\\jasmine.js:4399:18)\n    at Object.<anonymous> (C:\\Users\\Karunakaran\\Desktop\\Pinkerton\\Pinkerton\\TestCases\\BV-TestCases\\TC_CreateNewSupplier.ts:9:1)"],"browserLogs":[{"level":"WARNING","message":"https://nexus2-pp.pinkerton.com/PBV/main-es2015.50b4d0256c6575161297.js 0:1914016 \"\\n      It looks like you're using the disabled attribute with a reactive form directive. If you set disabled to true\\n      when you set up this control in your component class, the disabled attribute will actually be set in the DOM for\\n      you. We recommend using this approach to avoid 'changed after checked' errors.\\n       \\n      Example: \\n      form = new FormGroup({\\n        first: new FormControl({value: 'Nancy', disabled: true}, Validators.required),\\n        last: new FormControl('Drew', Validators.required)\\n      });\\n    \"","timestamp":1619767825078,"type":""},{"level":"WARNING","message":"https://nexus2-pp.pinkerton.com/PBV/main-es2015.50b4d0256c6575161297.js 0:1914016 \"\\n      It looks like you're using the disabled attribute with a reactive form directive. If you set disabled to true\\n      when you set up this control in your component class, the disabled attribute will actually be set in the DOM for\\n      you. We recommend using this approach to avoid 'changed after checked' errors.\\n       \\n      Example: \\n      form = new FormGroup({\\n        first: new FormControl({value: 'Nancy', disabled: true}, Validators.required),\\n        last: new FormControl('Drew', Validators.required)\\n      });\\n    \"","timestamp":1619767825098,"type":""},{"level":"WARNING","message":"https://nexus2-pp.pinkerton.com/PBV/main-es2015.50b4d0256c6575161297.js 0:1914016 \"\\n      It looks like you're using the disabled attribute with a reactive form directive. If you set disabled to true\\n      when you set up this control in your component class, the disabled attribute will actually be set in the DOM for\\n      you. We recommend using this approach to avoid 'changed after checked' errors.\\n       \\n      Example: \\n      form = new FormGroup({\\n        first: new FormControl({value: 'Nancy', disabled: true}, Validators.required),\\n        last: new FormControl('Drew', Validators.required)\\n      });\\n    \"","timestamp":1619767825099,"type":""},{"level":"WARNING","message":"https://nexus2-pp.pinkerton.com/PBV/main-es2015.50b4d0256c6575161297.js 0:1914016 \"\\n      It looks like you're using the disabled attribute with a reactive form directive. If you set disabled to true\\n      when you set up this control in your component class, the disabled attribute will actually be set in the DOM for\\n      you. We recommend using this approach to avoid 'changed after checked' errors.\\n       \\n      Example: \\n      form = new FormGroup({\\n        first: new FormControl({value: 'Nancy', disabled: true}, Validators.required),\\n        last: new FormControl('Drew', Validators.required)\\n      });\\n    \"","timestamp":1619767825100,"type":""},{"level":"WARNING","message":"https://nexus2-pp.pinkerton.com/PBV/main-es2015.50b4d0256c6575161297.js 0:1914016 \"\\n      It looks like you're using the disabled attribute with a reactive form directive. If you set disabled to true\\n      when you set up this control in your component class, the disabled attribute will actually be set in the DOM for\\n      you. We recommend using this approach to avoid 'changed after checked' errors.\\n       \\n      Example: \\n      form = new FormGroup({\\n        first: new FormControl({value: 'Nancy', disabled: true}, Validators.required),\\n        last: new FormControl('Drew', Validators.required)\\n      });\\n    \"","timestamp":1619767825101,"type":""},{"level":"WARNING","message":"https://nexus2-pp.pinkerton.com/PBV/main-es2015.50b4d0256c6575161297.js 0:1914016 \"\\n      It looks like you're using the disabled attribute with a reactive form directive. If you set disabled to true\\n      when you set up this control in your component class, the disabled attribute will actually be set in the DOM for\\n      you. We recommend using this approach to avoid 'changed after checked' errors.\\n       \\n      Example: \\n      form = new FormGroup({\\n        first: new FormControl({value: 'Nancy', disabled: true}, Validators.required),\\n        last: new FormControl('Drew', Validators.required)\\n      });\\n    \"","timestamp":1619767825102,"type":""},{"level":"WARNING","message":"https://nexus2-pp.pinkerton.com/PBV/main-es2015.50b4d0256c6575161297.js 0:1914016 \"\\n      It looks like you're using the disabled attribute with a reactive form directive. If you set disabled to true\\n      when you set up this control in your component class, the disabled attribute will actually be set in the DOM for\\n      you. We recommend using this approach to avoid 'changed after checked' errors.\\n       \\n      Example: \\n      form = new FormGroup({\\n        first: new FormControl({value: 'Nancy', disabled: true}, Validators.required),\\n        last: new FormControl('Drew', Validators.required)\\n      });\\n    \"","timestamp":1619767825103,"type":""},{"level":"WARNING","message":"https://nexus2-pp.pinkerton.com/PBV/main-es2015.50b4d0256c6575161297.js 0:1914016 \"\\n      It looks like you're using the disabled attribute with a reactive form directive. If you set disabled to true\\n      when you set up this control in your component class, the disabled attribute will actually be set in the DOM for\\n      you. We recommend using this approach to avoid 'changed after checked' errors.\\n       \\n      Example: \\n      form = new FormGroup({\\n        first: new FormControl({value: 'Nancy', disabled: true}, Validators.required),\\n        last: new FormControl('Drew', Validators.required)\\n      });\\n    \"","timestamp":1619767839000,"type":""},{"level":"WARNING","message":"https://nexus2-pp.pinkerton.com/PBV/main-es2015.50b4d0256c6575161297.js 0:1914016 \"\\n      It looks like you're using the disabled attribute with a reactive form directive. If you set disabled to true\\n      when you set up this control in your component class, the disabled attribute will actually be set in the DOM for\\n      you. We recommend using this approach to avoid 'changed after checked' errors.\\n       \\n      Example: \\n      form = new FormGroup({\\n        first: new FormControl({value: 'Nancy', disabled: true}, Validators.required),\\n        last: new FormControl('Drew', Validators.required)\\n      });\\n    \"","timestamp":1619767839001,"type":""},{"level":"WARNING","message":"https://nexus2-pp.pinkerton.com/PBV/main-es2015.50b4d0256c6575161297.js 0:1914016 \"\\n      It looks like you're using the disabled attribute with a reactive form directive. If you set disabled to true\\n      when you set up this control in your component class, the disabled attribute will actually be set in the DOM for\\n      you. We recommend using this approach to avoid 'changed after checked' errors.\\n       \\n      Example: \\n      form = new FormGroup({\\n        first: new FormControl({value: 'Nancy', disabled: true}, Validators.required),\\n        last: new FormControl('Drew', Validators.required)\\n      });\\n    \"","timestamp":1619767839001,"type":""},{"level":"WARNING","message":"https://nexus2-pp.pinkerton.com/PBV/main-es2015.50b4d0256c6575161297.js 0:1914016 \"\\n      It looks like you're using the disabled attribute with a reactive form directive. If you set disabled to true\\n      when you set up this control in your component class, the disabled attribute will actually be set in the DOM for\\n      you. We recommend using this approach to avoid 'changed after checked' errors.\\n       \\n      Example: \\n      form = new FormGroup({\\n        first: new FormControl({value: 'Nancy', disabled: true}, Validators.required),\\n        last: new FormControl('Drew', Validators.required)\\n      });\\n    \"","timestamp":1619767839002,"type":""},{"level":"WARNING","message":"https://nexus2-pp.pinkerton.com/PBV/main-es2015.50b4d0256c6575161297.js 0:1914016 \"\\n      It looks like you're using the disabled attribute with a reactive form directive. If you set disabled to true\\n      when you set up this control in your component class, the disabled attribute will actually be set in the DOM for\\n      you. We recommend using this approach to avoid 'changed after checked' errors.\\n       \\n      Example: \\n      form = new FormGroup({\\n        first: new FormControl({value: 'Nancy', disabled: true}, Validators.required),\\n        last: new FormControl('Drew', Validators.required)\\n      });\\n    \"","timestamp":1619767839002,"type":""},{"level":"WARNING","message":"https://nexus2-pp.pinkerton.com/PBV/main-es2015.50b4d0256c6575161297.js 0:1914016 \"\\n      It looks like you're using the disabled attribute with a reactive form directive. If you set disabled to true\\n      when you set up this control in your component class, the disabled attribute will actually be set in the DOM for\\n      you. We recommend using this approach to avoid 'changed after checked' errors.\\n       \\n      Example: \\n      form = new FormGroup({\\n        first: new FormControl({value: 'Nancy', disabled: true}, Validators.required),\\n        last: new FormControl('Drew', Validators.required)\\n      });\\n    \"","timestamp":1619767839002,"type":""},{"level":"WARNING","message":"https://nexus2-pp.pinkerton.com/PBV/main-es2015.50b4d0256c6575161297.js 0:1914016 \"\\n      It looks like you're using the disabled attribute with a reactive form directive. If you set disabled to true\\n      when you set up this control in your component class, the disabled attribute will actually be set in the DOM for\\n      you. We recommend using this approach to avoid 'changed after checked' errors.\\n       \\n      Example: \\n      form = new FormGroup({\\n        first: new FormControl({value: 'Nancy', disabled: true}, Validators.required),\\n        last: new FormControl('Drew', Validators.required)\\n      });\\n    \"","timestamp":1619767839002,"type":""},{"level":"WARNING","message":"https://nexus2-pp.pinkerton.com/PBV/main-es2015.50b4d0256c6575161297.js 0:1914016 \"\\n      It looks like you're using the disabled attribute with a reactive form directive. If you set disabled to true\\n      when you set up this control in your component class, the disabled attribute will actually be set in the DOM for\\n      you. We recommend using this approach to avoid 'changed after checked' errors.\\n       \\n      Example: \\n      form = new FormGroup({\\n        first: new FormControl({value: 'Nancy', disabled: true}, Validators.required),\\n        last: new FormControl('Drew', Validators.required)\\n      });\\n    \"","timestamp":1619767839003,"type":""},{"level":"WARNING","message":"https://nexus2-pp.pinkerton.com/PBV/main-es2015.50b4d0256c6575161297.js 0:1914016 \"\\n      It looks like you're using the disabled attribute with a reactive form directive. If you set disabled to true\\n      when you set up this control in your component class, the disabled attribute will actually be set in the DOM for\\n      you. We recommend using this approach to avoid 'changed after checked' errors.\\n       \\n      Example: \\n      form = new FormGroup({\\n        first: new FormControl({value: 'Nancy', disabled: true}, Validators.required),\\n        last: new FormControl('Drew', Validators.required)\\n      });\\n    \"","timestamp":1619767839003,"type":""}],"screenShotFile":"008200f4-00ae-00b6-00eb-00a8004b00ca.png","timestamp":1619767823120,"duration":17601}
