{"description":"Should configure Business Type|Configure New Client","passed":false,"pending":false,"os":"windows","sessionId":"3de613d6b5ac3a3c5734a68eb5977d92","instanceId":1004,"browser":{"name":"chrome","version":"90.0.4430.93"},"message":["Error: Timeout - Async callback was not invoked within timeout specified by jasmine.DEFAULT_TIMEOUT_INTERVAL.","Error: Timeout - Async callback was not invoked within timeout specified by jasmine.DEFAULT_TIMEOUT_INTERVAL."],"trace":["Error: Timeout - Async callback was not invoked within timeout specified by jasmine.DEFAULT_TIMEOUT_INTERVAL.\n    at Timeout._onTimeout (C:\\Users\\Karunakaran\\Desktop\\Pinkerton\\Pinkerton\\node_modules\\protractor\\node_modules\\jasmine-core\\lib\\jasmine-core\\jasmine.js:4281:23)\n    at listOnTimeout (internal/timers.js:554:17)\n    at processTimers (internal/timers.js:497:7)","Error: Timeout - Async callback was not invoked within timeout specified by jasmine.DEFAULT_TIMEOUT_INTERVAL.\n    at Timeout._onTimeout (C:\\Users\\Karunakaran\\Desktop\\Pinkerton\\Pinkerton\\node_modules\\protractor\\node_modules\\jasmine-core\\lib\\jasmine-core\\jasmine.js:4281:23)\n    at listOnTimeout (internal/timers.js:554:17)\n    at processTimers (internal/timers.js:497:7)"],"browserLogs":[{"level":"SEVERE","message":"https://nexus2-pp.pinkerton.com/PBV/main-es2015.50b4d0256c6575161297.js 0:259475 \"ERROR\" TypeError: Cannot read property 'valueChanges' of null\n    at e.ngAfterViewInit (https://nexus2-pp.pinkerton.com/PBV/20-es2015.a72171406613b89b8db5.js:1:66560)\n    at _t (https://nexus2-pp.pinkerton.com/PBV/main-es2015.50b4d0256c6575161297.js:1:253728)\n    at Ct (https://nexus2-pp.pinkerton.com/PBV/main-es2015.50b4d0256c6575161297.js:1:253569)\n    at yt (https://nexus2-pp.pinkerton.com/PBV/main-es2015.50b4d0256c6575161297.js:1:253295)\n    at Vi (https://nexus2-pp.pinkerton.com/PBV/main-es2015.50b4d0256c6575161297.js:1:274134)\n    at https://nexus2-pp.pinkerton.com/PBV/main-es2015.50b4d0256c6575161297.js:1:273455\n    at Vi (https://nexus2-pp.pinkerton.com/PBV/main-es2015.50b4d0256c6575161297.js:1:273509)\n    at fr (https://nexus2-pp.pinkerton.com/PBV/main-es2015.50b4d0256c6575161297.js:1:280414)\n    at https://nexus2-pp.pinkerton.com/PBV/main-es2015.50b4d0256c6575161297.js:1:273987\n    at Vi (https://nexus2-pp.pinkerton.com/PBV/main-es2015.50b4d0256c6575161297.js:1:273998)","timestamp":1619768386194,"type":""}],"screenShotFile":"00a600df-00ec-0060-00b8-00ae00800076.png","timestamp":1619768356375,"duration":361493}
