{"description":"Should Add Rule for Routing Supplier|BV - Service Routing","passed":true,"pending":false,"os":"windows","sessionId":"3de613d6b5ac3a3c5734a68eb5977d92","instanceId":1004,"browser":{"name":"chrome","version":"90.0.4430.93"},"message":"Passed","browserLogs":[{"level":"WARNING","message":"https://nexus2-pp.pinkerton.com/PBV/main-es2015.50b4d0256c6575161297.js 0:1914016 \"\\n      It looks like you're using the disabled attribute with a reactive form directive. If you set disabled to true\\n      when you set up this control in your component class, the disabled attribute will actually be set in the DOM for\\n      you. We recommend using this approach to avoid 'changed after checked' errors.\\n       \\n      Example: \\n      form = new FormGroup({\\n        first: new FormControl({value: 'Nancy', disabled: true}, Validators.required),\\n        last: new FormControl('Drew', Validators.required)\\n      });\\n    \"","timestamp":1619768029129,"type":""},{"level":"WARNING","message":"https://nexus2-pp.pinkerton.com/PBV/main-es2015.50b4d0256c6575161297.js 0:1914016 \"\\n      It looks like you're using the disabled attribute with a reactive form directive. If you set disabled to true\\n      when you set up this control in your component class, the disabled attribute will actually be set in the DOM for\\n      you. We recommend using this approach to avoid 'changed after checked' errors.\\n       \\n      Example: \\n      form = new FormGroup({\\n        first: new FormControl({value: 'Nancy', disabled: true}, Validators.required),\\n        last: new FormControl('Drew', Validators.required)\\n      });\\n    \"","timestamp":1619768029130,"type":""},{"level":"WARNING","message":"https://nexus2-pp.pinkerton.com/PBV/main-es2015.50b4d0256c6575161297.js 0:1914016 \"\\n      It looks like you're using the disabled attribute with a reactive form directive. If you set disabled to true\\n      when you set up this control in your component class, the disabled attribute will actually be set in the DOM for\\n      you. We recommend using this approach to avoid 'changed after checked' errors.\\n       \\n      Example: \\n      form = new FormGroup({\\n        first: new FormControl({value: 'Nancy', disabled: true}, Validators.required),\\n        last: new FormControl('Drew', Validators.required)\\n      });\\n    \"","timestamp":1619768029131,"type":""},{"level":"WARNING","message":"https://nexus2-pp.pinkerton.com/PBV/main-es2015.50b4d0256c6575161297.js 0:1914016 \"\\n      It looks like you're using the disabled attribute with a reactive form directive. If you set disabled to true\\n      when you set up this control in your component class, the disabled attribute will actually be set in the DOM for\\n      you. We recommend using this approach to avoid 'changed after checked' errors.\\n       \\n      Example: \\n      form = new FormGroup({\\n        first: new FormControl({value: 'Nancy', disabled: true}, Validators.required),\\n        last: new FormControl('Drew', Validators.required)\\n      });\\n    \"","timestamp":1619768029132,"type":""},{"level":"WARNING","message":"https://nexus2-pp.pinkerton.com/PBV/main-es2015.50b4d0256c6575161297.js 0:1914016 \"\\n      It looks like you're using the disabled attribute with a reactive form directive. If you set disabled to true\\n      when you set up this control in your component class, the disabled attribute will actually be set in the DOM for\\n      you. We recommend using this approach to avoid 'changed after checked' errors.\\n       \\n      Example: \\n      form = new FormGroup({\\n        first: new FormControl({value: 'Nancy', disabled: true}, Validators.required),\\n        last: new FormControl('Drew', Validators.required)\\n      });\\n    \"","timestamp":1619768029132,"type":""},{"level":"WARNING","message":"https://nexus2-pp.pinkerton.com/PBV/main-es2015.50b4d0256c6575161297.js 0:1914016 \"\\n      It looks like you're using the disabled attribute with a reactive form directive. If you set disabled to true\\n      when you set up this control in your component class, the disabled attribute will actually be set in the DOM for\\n      you. We recommend using this approach to avoid 'changed after checked' errors.\\n       \\n      Example: \\n      form = new FormGroup({\\n        first: new FormControl({value: 'Nancy', disabled: true}, Validators.required),\\n        last: new FormControl('Drew', Validators.required)\\n      });\\n    \"","timestamp":1619768034655,"type":""},{"level":"WARNING","message":"https://nexus2-pp.pinkerton.com/PBV/main-es2015.50b4d0256c6575161297.js 0:1914016 \"\\n      It looks like you're using the disabled attribute with a reactive form directive. If you set disabled to true\\n      when you set up this control in your component class, the disabled attribute will actually be set in the DOM for\\n      you. We recommend using this approach to avoid 'changed after checked' errors.\\n       \\n      Example: \\n      form = new FormGroup({\\n        first: new FormControl({value: 'Nancy', disabled: true}, Validators.required),\\n        last: new FormControl('Drew', Validators.required)\\n      });\\n    \"","timestamp":1619768034656,"type":""},{"level":"WARNING","message":"https://nexus2-pp.pinkerton.com/PBV/main-es2015.50b4d0256c6575161297.js 0:1914016 \"\\n      It looks like you're using the disabled attribute with a reactive form directive. If you set disabled to true\\n      when you set up this control in your component class, the disabled attribute will actually be set in the DOM for\\n      you. We recommend using this approach to avoid 'changed after checked' errors.\\n       \\n      Example: \\n      form = new FormGroup({\\n        first: new FormControl({value: 'Nancy', disabled: true}, Validators.required),\\n        last: new FormControl('Drew', Validators.required)\\n      });\\n    \"","timestamp":1619768034656,"type":""},{"level":"WARNING","message":"https://nexus2-pp.pinkerton.com/PBV/main-es2015.50b4d0256c6575161297.js 0:1914016 \"\\n      It looks like you're using the disabled attribute with a reactive form directive. If you set disabled to true\\n      when you set up this control in your component class, the disabled attribute will actually be set in the DOM for\\n      you. We recommend using this approach to avoid 'changed after checked' errors.\\n       \\n      Example: \\n      form = new FormGroup({\\n        first: new FormControl({value: 'Nancy', disabled: true}, Validators.required),\\n        last: new FormControl('Drew', Validators.required)\\n      });\\n    \"","timestamp":1619768034657,"type":""},{"level":"WARNING","message":"https://nexus2-pp.pinkerton.com/PBV/main-es2015.50b4d0256c6575161297.js 0:1914016 \"\\n      It looks like you're using the disabled attribute with a reactive form directive. If you set disabled to true\\n      when you set up this control in your component class, the disabled attribute will actually be set in the DOM for\\n      you. We recommend using this approach to avoid 'changed after checked' errors.\\n       \\n      Example: \\n      form = new FormGroup({\\n        first: new FormControl({value: 'Nancy', disabled: true}, Validators.required),\\n        last: new FormControl('Drew', Validators.required)\\n      });\\n    \"","timestamp":1619768034657,"type":""},{"level":"WARNING","message":"https://nexus2-pp.pinkerton.com/PBV/main-es2015.50b4d0256c6575161297.js 0:1914016 \"\\n      It looks like you're using the disabled attribute with a reactive form directive. If you set disabled to true\\n      when you set up this control in your component class, the disabled attribute will actually be set in the DOM for\\n      you. We recommend using this approach to avoid 'changed after checked' errors.\\n       \\n      Example: \\n      form = new FormGroup({\\n        first: new FormControl({value: 'Nancy', disabled: true}, Validators.required),\\n        last: new FormControl('Drew', Validators.required)\\n      });\\n    \"","timestamp":1619768037204,"type":""},{"level":"WARNING","message":"https://nexus2-pp.pinkerton.com/PBV/main-es2015.50b4d0256c6575161297.js 0:1914016 \"\\n      It looks like you're using the disabled attribute with a reactive form directive. If you set disabled to true\\n      when you set up this control in your component class, the disabled attribute will actually be set in the DOM for\\n      you. We recommend using this approach to avoid 'changed after checked' errors.\\n       \\n      Example: \\n      form = new FormGroup({\\n        first: new FormControl({value: 'Nancy', disabled: true}, Validators.required),\\n        last: new FormControl('Drew', Validators.required)\\n      });\\n    \"","timestamp":1619768037205,"type":""},{"level":"WARNING","message":"https://nexus2-pp.pinkerton.com/PBV/main-es2015.50b4d0256c6575161297.js 0:1914016 \"\\n      It looks like you're using the disabled attribute with a reactive form directive. If you set disabled to true\\n      when you set up this control in your component class, the disabled attribute will actually be set in the DOM for\\n      you. We recommend using this approach to avoid 'changed after checked' errors.\\n       \\n      Example: \\n      form = new FormGroup({\\n        first: new FormControl({value: 'Nancy', disabled: true}, Validators.required),\\n        last: new FormControl('Drew', Validators.required)\\n      });\\n    \"","timestamp":1619768037206,"type":""},{"level":"WARNING","message":"https://nexus2-pp.pinkerton.com/PBV/main-es2015.50b4d0256c6575161297.js 0:1914016 \"\\n      It looks like you're using the disabled attribute with a reactive form directive. If you set disabled to true\\n      when you set up this control in your component class, the disabled attribute will actually be set in the DOM for\\n      you. We recommend using this approach to avoid 'changed after checked' errors.\\n       \\n      Example: \\n      form = new FormGroup({\\n        first: new FormControl({value: 'Nancy', disabled: true}, Validators.required),\\n        last: new FormControl('Drew', Validators.required)\\n      });\\n    \"","timestamp":1619768037206,"type":""},{"level":"WARNING","message":"https://nexus2-pp.pinkerton.com/PBV/main-es2015.50b4d0256c6575161297.js 0:1914016 \"\\n      It looks like you're using the disabled attribute with a reactive form directive. If you set disabled to true\\n      when you set up this control in your component class, the disabled attribute will actually be set in the DOM for\\n      you. We recommend using this approach to avoid 'changed after checked' errors.\\n       \\n      Example: \\n      form = new FormGroup({\\n        first: new FormControl({value: 'Nancy', disabled: true}, Validators.required),\\n        last: new FormControl('Drew', Validators.required)\\n      });\\n    \"","timestamp":1619768037207,"type":""},{"level":"WARNING","message":"https://nexus2-pp.pinkerton.com/PBV/main-es2015.50b4d0256c6575161297.js 0:1914016 \"\\n      It looks like you're using the disabled attribute with a reactive form directive. If you set disabled to true\\n      when you set up this control in your component class, the disabled attribute will actually be set in the DOM for\\n      you. We recommend using this approach to avoid 'changed after checked' errors.\\n       \\n      Example: \\n      form = new FormGroup({\\n        first: new FormControl({value: 'Nancy', disabled: true}, Validators.required),\\n        last: new FormControl('Drew', Validators.required)\\n      });\\n    \"","timestamp":1619768037208,"type":""}],"timestamp":1619768028667,"duration":21161}
